规则编号,零件名称,备注
LC01,前门内板,
LC02,前门外板,
LC03,后侧门内板,
LC04,后侧门外板,
LC05,侧围外板,
LC06,后侧围内板,非加强板
LC07,天幕顶盖,
LC08,天窗顶盖,
LC09,顶盖,
LC10,尾门内板,
LC11,尾门外板,
LC12,发动机罩内板,
LC13,发动机罩外板,
LC14,翼子板,非加强板
LC15,前地板,非加强板、横梁
LC16,后地板,非加强板、横梁
LC17,前大梁,
LC18,后大梁,
LC19,前轮罩内板,
LC20,前轮罩外板,
LC21,后轮罩内板,
LC22,后轮罩外板,
LC23,前围板总成,
LC24,中央通道总成,
LC25,前端模块/前端框架,
LC26,前蒙皮总成/组件,
LC27,后蒙皮总成/组件,
LC28,后扰流板总成/组件,
LC29,仪表板总成/组件,
LC30,副仪表板总成/组件,
LC31,前门装饰板总成/组件,
LC32,后侧门装饰板总成/组件,
LC33,后侧围饰板总成,
LC34,尾门装饰板总成,
LC35,B柱下饰板总成,
LC36,前照灯总成,
LC37,前位置灯总成,
LC38,前组合灯总成,
LC39,日行灯总成,
LC40,前标志灯总成,
LC41,尾灯总成,
LC42,前贯穿灯总成,
LC43,尾部贯穿灯总成,
