姓名,科室
吴海刚,外饰科
林锦辉,车身科
张帅,车身科
谢林洲,内饰科
余传杰,外饰科
蒋宇,内饰科
罗海国,车体架构集成科
黄梦桃,外饰科
唐俊敏,车体架构集成科
郑勇新,车身科
于文湖,车体架构集成科
蒋运飞,车体科
张秋梅,车体架构集成科
黎东荣,车体科
赵琛洋,内饰科
韦学丽,车体科
黄维琨,内饰科
杨杰,内饰科
刘佳阳,车身科
詹云,车身科
梁世亮,内饰科
卢天权,外饰科
刘志宇,车身科
石岳,内饰科
薛栋,内饰科
赵子豪,内饰科
周文斌,车体科
钱欣超,外饰科
欧晨曦,内饰科
梁峻彬4,外饰科
唐兴望,内饰科
黄春华,内饰科
朱德好,车身科
陆胜坚,车身科
张茼,车身科
叶弘飞,外饰科
胡云波,车身科
班晟,车身科
张鑫宇,外饰科
成洁,内饰科
陈宏玺,车体科
洪庆浩,内饰科
楚清山,内饰科
程家园,内饰科
田嘉民,车身科
吕崇发,内饰科
刘振达,内饰科
黄俊超,外饰科
包昊民,车身科
高安然,车体架构集成科
梁顺,车体科
王俊杰,车体架构集成科
俸筱婷,车身科
谭银浪,车体架构集成科
覃昀芬,内饰科
曾祥龙,外饰科
黎平,外饰科
邵旭东,外饰科
任俊达,车身科
廖志昊,内饰科
高义轩,车身科
罗胜东,车身科
于柏川,车身科
刘祥龙,车体架构集成科
唐义,车体科
王好,车身科
谢其均,内饰科
徐亮,内饰科
庞庆,车身科
巫瑞彬,内饰科
周丽萍,车身科
孔令坚,车身科
黄振香,车体科
付承洪,内饰科
吴尧,内饰科
丁子俊,内饰科
黄劲松,内饰科
莫江妍,车体架构集成科
王杰,车身科
杨锋,内饰科
邹春荣,车身科
李伟,车体架构集成科
高鸣,内饰科
黄诺,车体架构集成科
范健,车体科
武佳蕊,外饰科
杨经雨,车体架构集成科
张恒焘,车体架构集成科
唐伟祥,内饰科
许睿,内饰科
卢榕锋,内饰科
苏扬朝,内饰科
卢群英,车身科
覃云,车身科
田野,内饰科
韦玥如,内饰科
韦忠告,外饰科
姚猛,内饰科
麦筱婵,车体架构集成科
钱汉成,车身科
韦大方,外饰科
高江怡,车身科
周强,内饰科
粟艺琴,车身科
黎培元,外饰科
李璀,车体科
曾厚立,车体科
李骏贵,车身科
吴奎霖,内饰科
蒙文范,车身科
何观强,车身科
周福全,内饰科
唐文灿,内饰科
何军蔚,车身科
姜文超,车身科
黄浩,车身科
段程飞,车体科
覃学敏,内饰科
陆剑,外饰科
余展帆,外饰科
周云春,车体架构集成科
廖进浩,外饰科
韦筱颖,外饰科
曾伟强,车身科
王阳杰,车身科
彭羿,车身科
韦恒祺,外饰科
覃文武,车体架构集成科
施恒,车体科
陈长,车身科
唐华艺,车身科
李晓茜,车体架构集成科
吕金柱1,车体科
常傲,车体科
舒耀燊,车体科
梁奕勉,外饰科
张荣宽,车身科
林炳,车体科
赵祖铉,内饰科
石远溪,内饰科
梁哲,车身科
黄宏伟,车身科
柳业锋,内饰科
王高明,车体架构集成科
莫仕沾,外饰科
李锦龙,内饰科
廖祖骏,车身科
贺康淼,外饰科
刘子健,车身科
郝浩杰,车身科
陈明,车身科
练俊,内饰科
李世友,车身科
黎铭羽中,车体架构集成科
文朝南,车身科
景宇灿,内饰科
吴壮肥,外饰科
苏振,车体科
杨湛华,车身科
唐荣树,车身科
王千一,外饰科
欧阳杰,车身科
杨胜统,车体架构集成科
张瑞雨,车身科
韦力达,内饰科
马威,车身科
陆誉文,车体科
覃大煜,车体科
杨甲宇,车体架构集成科
张波,车体架构集成科
吴文强,车体架构集成科
王特帜,外饰科
廖西培,外饰科
廖传东,内饰科
李旦森,内饰科
邹永锋,内饰科
陈昱文,外饰科
符育彬,车身科
潘海涛,车身科
蒋奇志,外饰科
黄圣欣,内饰科
韦洁玲,外饰科
曾燕娜,内饰科
伍世涛,车身科
周文星,内饰科
周涛,内饰科
蒙云开,内饰科
马力,内饰科
郭茂昕,车身科
黄剑,内饰科
覃超,车身科
李家宁,车身科
包厚显,内饰科
韦雪钫,内饰科
原源,内饰科
赵丕枝,车体科
蒋荣航,车体架构集成科
官连升,内饰科
秦博,外饰科
周承杰,内饰科
冯愉,车体科
向达,车体架构集成科
赵座航,内饰科
乐靓,外饰科
姜彬彬,内饰科
吴锦烨,内饰科
邓莹莹,车体科
卢语童,车身科
甘友堰,车体架构集成科
麻鹏赋,车身科
汤小燚,车体架构集成科
杨洋,内饰科
熊春芳,外饰科
陈邦栋,车身科
黄少军,车身科
廖承慧,内饰科
梁军,车体科
黎经榜,车体架构集成科
麦晖,车身科
张海健,内饰科
罗颂涛,车体科
田欢,车体架构集成科
龚鹏,内饰科
赖仁宏,外饰科
许声堂,车体架构集成科
薛桂锋,内饰科
陆日顺,车体科
万国义,外饰科
杨振国,车身科
赵胜东,车身科
王帅勇,车体科
黄彪闯,车身科
申小敏,外饰科
杨栋凯,内饰科
谢龑,车体架构集成科
李夕冉,车身科
赖星宇,车身科
张文嘉,车身科
蔡小平,车体科
江芯,内饰科
陈广平,外饰科
莫记燕,车身科
袁岩松,外饰科
牙侯师,外饰科
刘家威,内饰科
郭维,车体科
梁贵东,内饰科
范铸贤,车体架构集成科
张硕,内饰科
李炳兰,内饰科
杨彬,外饰科
牛一然,车体科
黄胜昭,内饰科
韦彩红,内饰科
李广,车体架构集成科
吴家阳,车身科
柏华龙,车身科
蔡序,车身科
史敏1,车体架构集成科
武文超,外饰科
兰克俊,内饰科
黄常清,外饰科
徐林邦,外饰科
黄春燕,车身科
黄干,车体科
李冬远,外饰科
孙浩宇,车身科
刘绍娟,车身科
陈祖彬,外饰科
胡富森,内饰科
唐文龙,车身科
张德宏,车身科
毛梦涛,内饰科
周东升,内饰科
胡烈锋,车身科
程粤鑫,车体架构集成科
廖展浩,外饰科
张振华,车身科
马梦新,车身科
袁成志,车身科
吴雪燕,车体架构集成科
涂梦子,内饰科
陈英健,车体架构集成科
郑兴华,内饰科
贾博,车体架构集成科
刘宇飞,车体架构集成科
余辉,车身科
毛新丽,车身科
李科艺,内饰科
龚牵裕,外饰科
范沅桥,车体架构集成科
胡福梅,车身科
雷志华,车身科
林宇学,车体架构集成科
何群,车体架构集成科
程卫鑫,车身科
严德星,内饰科
昝占才,内饰科
陈凌云,内饰科
龙海仙,内饰科
黄万彪,车体架构集成科
梁迪迪,车体架构集成科
刘发鸿,车体架构集成科
狄清宇,外饰科
陈亮,车身科
王浩铜,车身科
陈旭,内饰科
欧阳涛,内饰科
刘慧鹏,车身科
陈丽,车身科
张峰,车体架构集成科
卓笑声,车身科
韦利宁,车体科
黄娇美,车体架构集成科
陈雨,车体架构集成科
刘慨,车身科
丁瑞通,车身科
谭西川,车体架构集成科
张晓,外饰科
刘桂全,内饰科
谈晓龙,车身科
胡金波,车身科
李标立,车身科
黄杰成,车体科
代建文,车体架构集成科
赵鑫哲,车身科
黄哲,内饰科
杨钧,车身科
李会英,内饰科
潘双宝,车身科
赵二峰,内饰科
黄湘曼,外饰科
童秀芹,车身科
唐亚星,车体架构集成科
张武,车体架构集成科
卢远丽,车身科
彭子瑞,外饰科
黄彬津,内饰科
刘冠霆,内饰科
赵亚浩,外饰科
张发晖,车体架构集成科
库才旗,车身科
杨森林,车身科
吴忠宗,外饰科
陶永丽,外饰科
刘振宣,车身科
乔运达,内饰科
李佳伟,车身科
谢艳兰,车体架构集成科
陈宝茂,车体架构集成科
张义东,车体架构集成科
杨宇杰,车身科
潘青姑,车体科
陈勇均,外饰科
吴斯荣,车身科
徐升,车体科
万鑫,外饰科
伍俊翔,外饰科
殷明,车身科
黄泽芳,车体架构集成科
韦慧莹,内饰科
何星,外饰科
莫富淇,车身科
李汉哲,外饰科
杨才生,外饰科
曾媛,车体科
甘威明,车身科
刘大坤,车身科
曾凤,车体科
唐春柳,车体科
黄红端,车体架构集成科
马梓瀚,车身科
韦武进,外饰科
徐跃,车身科
陈晓宇,车身科
林启航,车体架构集成科
农积遥,车身科
阳文婷,车身科
韦坤鹏,外饰科
黄棋,内饰科
刘洋,车体架构集成科
秦奕淳,车身科
梁吉河,车体科
黄忠源,外饰科
刘婷,车身科
刘佳浩,车身科
金巧灵,内饰科
兰金耀,外饰科
毛梓懿,车身科
陈荣浩,车身科
杨俊,车身科
陈佳雨,车身科
许丽虹,外饰科
闫晓玲,内饰科
邓鹏程,车身科
罗浩,外饰科
邓熙裕,外饰科
刘秋峰,车体架构集成科
邓达兴,车身科
翟冠丞,车体科
李文强,车身科
韦侯念,车身科
韦德宏,车身科
梁珺瑞,车身科
覃啟洋,外饰科
谢鹏,车身科
陈雪敏,车身科
张敬杰,车体架构集成科
蒙永种,车身科
温家毅,车体科
卜玺,车体架构集成科
陆琳,外饰科
陈原,车身科
刘国斌,车体架构集成科
周保连,车身科
柯娟,车身科
许昌华,车身科
李海,内饰科
郭平,车身科
欧昌生,车身科
毛志伟,外饰科
蒋唐乐洲,车身科
张佛强,外饰科
甘寿伟,车身科
杨皓,内饰科
蒙钧,内饰科
卢宏波,车身科
汪海平,车体架构集成科
马丹萍,车体架构集成科
黄雅群,车身科
曾翠丽,车体架构集成科
张旗超,车体架构集成科
朱禧瑜,内饰科
黄炜铧,车身科
高翔,车体科
张泽,内饰科
杨继松,外饰科
侯文奇,车身科
潘剑春,外饰科
李良帅,车身科
佟信伟,车体科
郑达彦,车身科
邓睿淇,车身科
彭冠华,内饰科
卢堃林,车身科
麦成猛,内饰科
张佳阳,车身科
陈科光,外饰科
曾庆伟,车身科
陈伟彪,外饰科
韦鸣川,外饰科
王虎,外饰科
覃萧,内饰科
钟富,车体科
熊洁,车体架构集成科
孔繁茂,车身科
谭创,车体架构集成科
牟肇章,车身科
李国安,内饰科
刘恩昊,内饰科
周娜,车身科
王瑞哲,车身科
陈杨,内饰科
谭建华,车身科
唐运湘,车身科
王书勤,车身科
周彩芳,车身科
赖特,车身科
熊落闯,车体科
周创业,内饰科
唐光宇,外饰科
余定星,车身科
李秋,内饰科
谭丰宁,内饰科
覃卡,车身科
周云涛,车身科
陈开建,外饰科
吴嘉,内饰科
韦庆创,内饰科
黄若海,车身科
黄艺楚,内饰科
林彬,车身科
解林芳,车身科
眭莎莎,车身科
黄丽琴,车身科
何亚国,外饰科
杨保记,车身科
莫海浪,外饰科
何传辉,车身科
滕杰,车身科
陈红川,外饰科
甘友生,车体科
黄繁中,内饰科
全文军,车身科
汪红,内饰科
庞睿,内饰科
罗俐萍,车身科
宋少威,内饰科
陈凯,外饰科
陈皆,内饰科
陈敏,外饰科
李鑫,内饰科
黄文觉,车身科
韦雪智,外饰科
刘阳辉,车身科
梁树德,内饰科
谢崇早,车身科
蒋明良,内饰科
伊海波,内饰科
李东,车身科
陈思霖,车体架构集成科
李新奇,内饰科
杨淑妮,车身科
许夏锋,内饰科
杨永杰,车身科
邱和礼,内饰科
黄有弟,车身科
陈志江,车身科
申兰兰,车身科
高雪芳,车身科
韦启生,车身科
闫涛,内饰科
张彬常,外饰科
黄健,外饰科
韦家德,内饰科
廖希,车身科
周儒光,车身科
宋祖县,车身科
黄玫瑰,车体架构集成科
张永兴,外饰科
王根锋,车身科
罗腾阳,内饰科
周旸,车身科
杨燕勇,车体科
赵倩云,车体科
李宁,车身科
梁健云,车体科
梁乘源,内饰科
熊宝塘,外饰科
韦许成,车身科
肖慧明,车身科
覃龙,车身科
陈其涛,车身科
李敏,外饰科
陈明坤,内饰科
甘高文,车身科
宋月芮,外饰科
黄永昌,车体架构集成科
吕杰斗,内饰科
叶英继,车身科
魏晨阳,车身科
刘鹏飞,内饰科
黄晗,车身科
陈岚明,车身科
陈绍荣,车身科
杨兆宇,内饰科
欧俊宁,车身科
奚欣怡,内饰科
张耀中,车体架构集成科
张海朋,车身科
黄晨灿,内饰科
余维刚,内饰科
王丽敏,车身科
徐苹,车身科
何志,车身科
范彬,车身科
刘雄,车体架构集成科
陈潇颖,车身科
许晋通,车体架构集成科
蒋荣军,内饰科
覃桂华,车身科
莫鸿铭,内饰科
韦唯,车身科
杨盛盈,车身科
宋昌钦,内饰科
吴家峰,内饰科
梁福广,内饰科
李玉璋,车身科
蓝盛路,车身科
刘思扬,车体架构集成科
李嘉慧,内饰科
赵炳婕,车身科
黄永伦,外饰科
李坤航,车身科
刘芳梅,内饰科
黄秋平,车体科
刘进,车体架构集成科
韦春萍,车体架构集成科
杜书权,车身科
张革青,车身科
邱圣钧,车身科
莫茂冲,车身科
吕龙江,车身科
余康财,车身科
覃艺,车身科
陈静,内饰科
李彦锋,外饰科
付勇,车身科
覃康,车身科
华鑫维,内饰科
李杰4,车体科
陈扬,内饰科
柏治胜,车身科
谢成君,车身科
黄联扬,内饰科
孔祥南,内饰科
马天战,车身科
刘震鹏,车身科
陈科2,车身科
马李芳,内饰科
李兰,内饰科
文吴双,车身科
李直腾,车体科
魏嘉丰,车体架构集成科
韦光强,车身科
易艳磊,车身科
黄郁净,车体架构集成科
亓欢宁,车身科
原勇,车身科
王明,内饰科
唐博威,车体科
符大兴,内饰科
刘阳,内饰科
隆萍萍,车身科
石善旺,外饰科
周刘奇,内饰科
曾思琴,内饰科
王宇凯,内饰科
谢金成,内饰科
丁颜才,车身科
庞夏光,车身科
谭信向,内饰科
罗文华,内饰科
刘睿轩,车体架构集成科
陈玎,车身科
黄文祥,内饰科
覃富康,外饰科
王金波,内饰科
付建敏,车身科
吕广鑫,内饰科
谭园芳,内饰科
蔡智珍,内饰科
张寿贺,外饰科
黄增广,车身科
何传欣,外饰科
苟金远,车身科
王嗣凯,车身科
陆翔,车身科
廖常荣,车身科
梁宝元,车体架构集成科
王宁洁,车体架构集成科
韦春碧,车身科
陈志耀,车身科
曾远,车身科
余斌斌,内饰科
罗诗明,外饰科
谢静维,内饰科
张钦厚,外饰科
邸佳雯,内饰科
张静亮,外饰科
保振安,车体科
张鸿杨,内饰科
张海,外饰科
徐志平,车身科
黎振廷,内饰科
李展任,内饰科
曾胜兵,车身科
黄辉明,内饰科
覃延益,车身科
谢树焯,车身科
李文杰,车身科
黎德盛,车身科
何延标,车身科
肖国溢,内饰科
廖国俸,内饰科
赵凯,外饰科
蓝锦华,车身科
秦刚希,外饰科
陆毅初,车体科
吕剑琨,车身科
伍升安,车体架构集成科
刘桃,内饰科
何世朝,内饰科
钱志林,内饰科
黎新梁,车身科
古金明,内饰科
黎念豪,车身科
姚官林,车身科
肖河容,车身科
刘小路,内饰科
王宗琪,外饰科
丘昌州,外饰科
周美群,车身科
窦晓东,车体架构集成科
李井群,车身科
鲍一鸣,车身科
吴建友,车身科
邓昌锟,车体科
周晓国,内饰科
董永衡,车身科
赵德志,车身科
陈家均,车体科
潘祖猛,车身科
陶春幸,内饰科
张肖,车身科
晋加伟,内饰科
刘浪昌,车体架构集成科
吴康彬,车身科
江庆炎,内饰科
陆克强,车身科
邓绍欢,车身科
明浩,内饰科
桑亚强,车身科
覃家腾,车体架构集成科
李林波,车身科
林秋华,车身科
赖仕祯,外饰科
陈俊,内饰科
陈攀宇,内饰科
潘洵兴,车身科
肖穆茂,车身科
唐辉城,车身科
李俊华,车身科
杨间霞,外饰科
韦东明,车身科
梁神佑,内饰科
韦春波,车体架构集成科
欧阳军,车身科
杨代敏,车身科
黄岗,车身科
马祖星,车身科
杨昌文,车身科
梁向裔,车身科
邓洪亮,车体架构集成科
廖新拢,外饰科
韦思意,车身科
贺金平,车身科
赵振兴,内饰科
覃庆文,车身科
苏秀雁,内饰科
黄甫华,内饰科
王进旗,内饰科
何振声,内饰科
全昭忠,车身科
卢祖汉,车身科
林乐,车身科
邓梦蝶,内饰科
黄国政,车身科
伍旭,内饰科
何世宁,内饰科
雷仕赞,车身科
陈康,车身科
陶朝昕,内饰科
林子祥,车身科
谢业远,车身科
刘文华,车身科
香晓东,车身科
张光豪,内饰科
黄建勇,车身科
曾振威,车身科
袁紫禄,车身科
冯桂花,车身科
钟佛金,车身科
何龙川,内饰科
刘宗健,车身科
刘俊良,车身科
蓝建德,内饰科
李航,车身科
陈健平,内饰科
朱万才,车身科
刘铠祯,车身科
高建强,车体架构集成科
陈垂刚,内饰科
黄翔,车身科
李清瑞,车身科
王盼,内饰科
向慧芳,车身科
韦兴隆,内饰科
滕平,车身科
韦逢义,车身科
梁海峰,内饰科
铁盛武,内饰科
韦孔辉,内饰科
段大禄,内饰科
